node_number,shapley_one_round,leave_one_out_one_round
0,0.09705833333333332,0.010199999999999987
1,0.07041666666666663,0.0013999999999999568
2,0.15223333333333336,0.01429999999999998
3,0.10878333333333319,0.005699999999999927
4,-0.005991666666666701,-0.0050000000000000044
